,syllable,frequency,tag,Number in hard mode
syllable,1.0,-0.07338849837743228,-0.14716538888178549,-0.1255537537834753
frequency,-0.07338849837743228,1.0,0.028706995151978804,0.13549999753494774
tag,-0.14716538888178549,0.028706995151978804,1.0,-0.07472101455015141
Number in hard mode,-0.1255537537834753,0.13549999753494774,-0.07472101455015141,1.0
